Method_1,Method_2,Method_3,Method_4,Method_5
0.9999999999999998,0.7325187811058204,0.6053531153127262,0.6823548109043571,0.650583079691188
0.7325187811058202,0.9999999999999998,0.7457928807140899,0.7809907095020493,0.8114089422755832
0.605353115312726,0.7457928807140898,1.0,0.6518461046529612,0.7554685151964062
0.6823548109043571,0.7809907095020493,0.6518461046529607,1.0,0.7033423008953108
0.6505830796911876,0.8114089422755834,0.7554685151964063,0.7033423008953109,1.0
